{"val_loss": [0.5399855415159245, 0.22690221540537983, 0.08712683884694823, 0.08878130502500463, 0.08069839705549607, 0.16677945647762213, 0.08567354378303388, 0.12217596417474227, 0.08939441799039909, 0.11045695289512834, 0.0836464868862926, 0.1953389628826418, 0.11207169955405678, 0.1490989358422363, 0.16436314231290583, 0.3081641193734776, 0.09310987491513756, 0.2644542551911138, 0.14357038013714343, 0.1568195591131416, 0.3815519140710603, 0.23230515307572552, 0.2653392691030612, 0.32512733680080336, 0.3350641069248572, 0.13825266934776007, 0.18849637316901616, 0.5898517470710174, 0.31135274822261083, 0.22007275139812787, 0.2575417717978044, 0.22138378988564997, 0.4937875319361189, 0.31367277478370886, 0.23655558199067384, 0.2710613296804314, 0.19691220869775733, 0.4277220153500655, 0.5890825139855433, 0.9563582377614555, 0.27996693760429436, 0.7819664125731502, 1.423357556897008, 0.7274342807224415, 0.5379179737226939, 0.26482427800172376, 0.5516832710795078, 0.31744295049670546, 0.35154604939005163, 0.8502256324724476, 0.6312024793787858, 1.605387791624562, 0.4267906602343582, 0.3506225933226558, 0.6927939463027472, 0.6238663596108479, 0.3755389557192179, 0.7817050474358945, 0.9542709759758162, 0.411959397771011, 0.25570012056045405, 0.6456099506446815, 0.42396820049166817, 0.6695929631150415, 0.39565693436056154, 0.31220500338137347, 0.6566929809413792, 1.5476437856727059, 0.35155820172672986, 1.2862427542341357, 0.6467000265272228, 1.579858202954798, 0.5852805130354324, 0.8564490969364931, 0.48996701629579986, 0.7587590645720981, 1.4771375951547299, 0.7376730918412022, 0.5823698121513922, 1.2150941115498983, 1.508652478374429, 0.5306687088270019, 0.7584260746068442, 0.567326235368534, 2.799550578078879, 0.6365220649539838, 0.9034033753364661, 0.34263698513090285, 1.8020855313177198, 0.8927603362933665, 1.599101794030773, 1.0482197135454303, 0.6848336242839721, 0.6392603484780324, 0.5569842498407647, 0.7056735710634301, 1.399801690933705, 0.7954759168341434, 1.628758348978694, 0.9802329957314208], "val_accuracy": [0.832775890827179, 0.944481611251831, 0.9790412783622742, 0.9794871807098389, 0.9888517260551453, 0.9698996543884277, 0.991304337978363, 0.9788182973861694, 0.9915273189544678, 0.9899665713310242, 0.9881828427314758, 0.9870679974555969, 0.9863991141319275, 0.9879598617553711, 0.9892976880073547, 0.9901894927024841, 0.9917502999305725, 0.9904124736785889, 0.9908584356307983, 0.9863991141319275, 0.9875139594078064, 0.980379045009613, 0.9832776188850403, 0.9852842688560486, 0.9930880665779114, 0.9879598617553711, 0.991304337978363, 0.9732441306114197, 0.9899665713310242, 0.9877368807792664, 0.9879598617553711, 0.9895206093788147, 0.9910813570022583, 0.9875139594078064, 0.9906354546546936, 0.9875139594078064, 0.9792641997337341, 0.9908584356307983, 0.991304337978363, 0.9886287450790405, 0.9879598617553711, 0.9908584356307983, 0.9872909784317017, 0.9886287450790405, 0.9933110475540161, 0.9828316569328308, 0.9933110475540161, 0.9676700234413147, 0.9870679974555969, 0.7567446827888489, 0.9906354546546936, 0.9886287450790405, 0.9556298851966858, 0.9846153855323792, 0.9881828427314758, 0.9875139594078064, 0.9828316569328308, 0.98907470703125, 0.9886287450790405, 0.9732441306114197, 0.9589743614196777, 0.9351170659065247, 0.9823857545852661, 0.98907470703125, 0.9924191832542419, 0.9636566042900085, 0.9850612878799438, 0.9921962022781372, 0.9799330830574036, 0.9879598617553711, 0.9832776188850403, 0.9848383665084839, 0.9904124736785889, 0.9904124736785889, 0.9877368807792664, 0.9658862948417664, 0.9861761331558228, 0.9788182973861694, 0.9393534064292908, 0.9821627736091614, 0.9870679974555969, 0.947826087474823, 0.9806020259857178, 0.9632107019424438, 0.985953152179718, 0.9792641997337341, 0.9884058237075806, 0.9732441306114197, 0.9886287450790405, 0.9857302308082581, 0.991304337978363, 0.8974359035491943, 0.9801560640335083, 0.9821627736091614, 0.9645484685897827, 0.9473801851272583, 0.9745819568634033, 0.9857302308082581, 0.9895206093788147, 0.9714604020118713], "loss": [2.9699463925703733, 0.3443000721581917, 0.2390894211807527, 0.2092597823522823, 0.18717320094699394, 0.17820471911026733, 0.1904121778722334, 0.16737209106496656, 0.18231914346005032, 0.17928140006122795, 0.21643520991010085, 0.20721694074211214, 0.222589758057431, 0.2522947321953987, 0.24718540695815258, 0.2438915175469162, 0.24494211787083364, 0.3153225907089144, 0.2760650107755356, 0.28422647995234734, 0.2956390635758787, 0.33011309931682886, 0.35262845516843494, 0.33037347076540174, 0.35328897929585906, 0.5123799857668208, 0.39064046145048203, 0.3991044782435454, 0.3903337618193471, 0.4735519938114444, 0.4451652052563442, 0.39256573833252834, 0.37122417380426065, 0.4693377927261193, 0.4017123236314186, 0.4720962793184603, 0.4389158015015979, 0.4859941008942699, 0.5097278278892294, 0.528440105411679, 0.45305656428301216, 0.5209172837566085, 0.5072524174428064, 0.5835511714012366, 0.5089865821754418, 0.6068274628632859, 0.5004614893840135, 0.6444749522833277, 0.6175195654041556, 0.5678158585742988, 0.6031861990805784, 0.5529790694568888, 0.6634820502964146, 0.4635312214489795, 0.7730499502950888, 0.6486698601901489, 0.6367749392256403, 0.6490841608820466, 0.6831745418681624, 0.6239161454258351, 0.6965471874185653, 0.6672134755965434, 0.7264603144064593, 0.8667918425131073, 0.6932494395854846, 0.6663864014030123, 0.9631881275125359, 0.7229475863236754, 0.7115378403460955, 0.7667108690395793, 0.9103137547003751, 0.9936808276263877, 0.8895472169556071, 0.8435703714509587, 0.9869468399345251, 0.8872690548132355, 1.1254299972412944, 0.815440422939216, 0.7873904557336261, 1.16857114922902, 1.1685540219593369, 0.9741927337853145, 1.102247168092627, 1.2045111030866518, 1.0392955647426407, 0.8985551129980272, 1.019008333544951, 1.0930549800136218, 0.9023898446612287, 1.0640887821554947, 1.2798918555583947, 1.0515189428022838, 0.9587679425823169, 1.2180221089955239, 1.1194633221276142, 1.134437758250463, 1.2411578311468132, 1.338308329512837, 1.382001368381347, 1.1355252631230057], "accuracy": [0.5059368014,0.9003846645,0.938681066,0.9497742057,0.9570767879,0.9630971551,0.9658286572,0.9683929086,0.9685600996,0.9720162749,0.9692847729,0.9698979855,0.9693405628,0.9687830806,0.9714030623,0.971570313,0.9703996778,0.970734179,0.97095716,0.9720162749,0.9725179672,0.9707899094,0.9696750045,0.9674452543,0.9690617919,0.9726294875,0.9714030623,0.971347332,0.9700652361,0.9690617919,0.97090137,0.9692847729,0.9686158895,0.970511198,0.9659401178,0.9729081988,0.9682256579,0.9647694826,0.9715145826,0.9712358713,0.9692290425,0.9687830806,0.9714030623,0.9699537158,0.9739673138,0.9741345644,0.9701766968,0.964435041,0.9712916017,0.9695077538,0.9655499458,0.978761375,0.9727966785,0.9598082304,0.9677239656,0.9607558846,0.9762528539,0.974747777,0.9693962932,0.9554601908,0.9617592692,0.9720720053,0.9627627134,0.9549584985,0.9669435024,0.9691175818,0.9579686522,0.9594737887,0.959975481,0.964825213,0.9556273818,0.9585261345,0.9600869417,0.9521154761,0.9589163065,0.9540665746,0.9514465928,0.9479904175,0.9605329037,0.9445899725,0.9512793422,0.9552372098,0.9429734349,0.9444785118,0.9512793422,0.9523384571,0.9406321645,0.9235185981,0.9525614381,0.9241317511,0.9503874183,0.9200066924,0.9400189519,0.9508891106,0.9376219511,0.9074642062,0.9408551455,0.9077986479,0.8958135843,0.9043424726],