{"val_loss": [1.1754921674728394, 1.1976735591888428, 0.9094514846801758, 0.7840458154678345, 0.2051401436328888, 0.8308755159378052, 0.7461963891983032, 0.5254411697387695, 0.32619521021842957, 0.4772106111049652, 0.2541908025741577, 0.31037774682044983, 0.13180458545684814, 0.5015072226524353, 0.16813887655735016, 1.0197417736053467, 0.21130900084972382, 0.9025048017501831, 0.2203604280948639, 0.1322145015001297, 0.15944960713386536, 0.05715293809771538, 0.0031613341998308897, 0.18018008768558502, 0.34349769353866577, 0.07670903205871582, 0.04611281678080559, 0.03601229190826416, 0.05492427945137024, 0.01781439408659935, 0.13025519251823425, 0.3255525231361389, 0.30322355031967163, 0.4240158498287201, 0.5228685736656189, 0.027246106415987015, 0.5178561806678772, 0.015176989138126373, 0.4064958095550537, 0.5237849950790405, 0.19228211045265198, 0.3188766837120056, 0.0911378413438797, 0.01035160943865776, 0.023250622674822807, 0.15620781481266022, 0.21095910668373108, 0.15253882110118866, 0.33608102798461914, 0.16870784759521484, 0.5443137288093567, 0.17947979271411896, 0.24719330668449402, 0.048998117446899414, 0.00980447605252266, 0.44902315735816956, 0.1690361648797989, 0.4169032573699951, 0.3633555769920349, 0.6621417999267578, 0.6334665417671204, 0.15028007328510284], "val_accuracy": [0.5725446343421936, 0.6604368090629578, 0.685431182384491, 0.7525331974029541, 0.7680702805519104, 0.7977932691574097, 0.7921639084815979, 0.7867597341537476, 0.7822562456130981, 0.8610673546791077, 0.860166609287262, 0.7998198866844177, 0.860166609287262, 0.8693987727165222, 0.8790813088417053, 0.9018239378929138, 0.8905652165412903, 0.8912407159805298, 0.8925917744636536, 0.8862868547439575, 0.913307785987854, 0.8838099241256714, 0.894167959690094, 0.8847106695175171, 0.8880882859230042, 0.9083539843559265, 0.8984463214874268, 0.9184868335723877, 0.9079036116600037, 0.9175861477851868, 0.9211889505386353, 0.9126322865486145, 0.9117316007614136, 0.9130826592445374, 0.8835847973823547, 0.9279441833496094, 0.9229903221130371, 0.9117316007614136, 0.9227651357650757, 0.9261427521705627, 0.9193875193595886, 0.9376266598701477, 0.9250168800354004, 0.9250168800354004, 0.9250168800354004, 0.9279441833496094, 0.9407790899276733, 0.9457329511642456, 0.9326727986335754, 0.9292951822280884, 0.9290700554847717, 0.9326727986335754, 0.9288448691368103, 0.9443818926811218, 0.9225399494171143, 0.931096613407135, 0.9292951822280884, 0.9351497292518616, 0.9216392636299133, 0.9432560205459595, 0.9392029047012329, 0.9139833450317383], "loss": [1.6641609432483822, 1.1825834873807581, 0.9675067997255759, 0.8261573987453802, 0.7256216008803141, 0.6440084573477198, 0.587786988892955, 0.5363612114078059, 0.5008159217764957, 0.46150964759204904, 0.433095560267685, 0.4145039510744907, 0.37846394335431893, 0.3660592824655132, 0.3569804676593312, 0.34401012569855677, 0.3216509831548969, 0.31232438065473284, 0.3054339060659653, 0.29326433168536103, 0.2892961264204288, 0.2798282715458689, 0.26631902122936113, 0.2613519658959059, 0.25568440327136693, 0.239216422332017, 0.24187614514675512, 0.23861438915235852, 0.23352837119974929, 0.2359680754933112, 0.22085664867413374, 0.21314117163527926, 0.2110460278312434, 0.2167811353540531, 0.20539466346141874, 0.20413382809719666, 0.1969633647430053, 0.19407886371508823, 0.19050178918946936, 0.1929258570958967, 0.18616969407178527, 0.18642576745988593, 0.17936960511321143, 0.18724043602301246, 0.17563641179106004, 0.17819386743775248, 0.18133620160295733, 0.17332949542457587, 0.1698685209616159, 0.16148031801538834, 0.16928727802971, 0.17387431542020945, 0.1589353899983083, 0.15780640082080186, 0.16627492928299553, 0.16540436258923416, 0.15743067257727636, 0.15801599496143318, 0.1601017845925858, 0.15681130839808788, 0.15801828280728017, 0.152247127720251], "accuracy": [